cluster,n_factors,feature,factor,loading
1,5,trade_in_services_percent_of_gdp,1,0.02471882430021299
1,5,trade_in_services_percent_of_gdp,2,-0.26117416275301814
1,5,trade_in_services_percent_of_gdp,3,0.2900900974017383
1,5,trade_in_services_percent_of_gdp,4,-0.19453740547046455
1,5,trade_in_services_percent_of_gdp,5,-0.08165311027669965
1,5,imports_of_goods_and_services_bop_current_usd,1,-0.5699390675930818
1,5,imports_of_goods_and_services_bop_current_usd,2,-0.027482968982519753
1,5,imports_of_goods_and_services_bop_current_usd,3,-0.203554944788316
1,5,imports_of_goods_and_services_bop_current_usd,4,0.03220195926715001
1,5,imports_of_goods_and_services_bop_current_usd,5,-0.0839024443413985
1,5,insurance_and_financial_services_percent_of_service_imports_bop,1,-0.19648706594672036
1,5,insurance_and_financial_services_percent_of_service_imports_bop,2,-0.18891649450760506
1,5,insurance_and_financial_services_percent_of_service_imports_bop,3,-0.106658181243024
1,5,insurance_and_financial_services_percent_of_service_imports_bop,4,0.005031611190476401
1,5,insurance_and_financial_services_percent_of_service_imports_bop,5,0.12858825819903733
1,5,imports_of_goods_services_and_primary_income_bop_current_usd,1,-0.5686817048684153
1,5,imports_of_goods_services_and_primary_income_bop_current_usd,2,-0.037390526264788795
1,5,imports_of_goods_services_and_primary_income_bop_current_usd,3,-0.1861141383892316
1,5,imports_of_goods_services_and_primary_income_bop_current_usd,4,0.0409277469197151
1,5,imports_of_goods_services_and_primary_income_bop_current_usd,5,-0.07670173058483236
1,5,transport_services_percent_of_service_imports_bop,1,0.09324095193810772
1,5,transport_services_percent_of_service_imports_bop,2,0.2984002714171373
1,5,transport_services_percent_of_service_imports_bop,3,-0.23053632773045835
1,5,transport_services_percent_of_service_imports_bop,4,0.09987942603429066
1,5,transport_services_percent_of_service_imports_bop,5,-0.20577213521634172
1,5,travel_services_percent_of_service_imports_bop,1,0.013505553988352162
1,5,travel_services_percent_of_service_imports_bop,2,-0.08109075068457518
1,5,travel_services_percent_of_service_imports_bop,3,0.3390148314602853
1,5,travel_services_percent_of_service_imports_bop,4,-0.2275874816090975
1,5,travel_services_percent_of_service_imports_bop,5,-0.15001427212323803
1,5,foreign_direct_investment_net_outflows_percent_of_gdp,1,0.03590567108792435
1,5,foreign_direct_investment_net_outflows_percent_of_gdp,2,0.006193671474006251
1,5,foreign_direct_investment_net_outflows_percent_of_gdp,3,-0.09216169399903548
1,5,foreign_direct_investment_net_outflows_percent_of_gdp,4,0.02388125475538375
1,5,foreign_direct_investment_net_outflows_percent_of_gdp,5,0.0795815459480859
1,5,portfolio_investment_net_bop_current_usd,1,0.0018435420324897115
1,5,portfolio_investment_net_bop_current_usd,2,0.0016887747028817188
1,5,portfolio_investment_net_bop_current_usd,3,-0.0030186711683306408
1,5,portfolio_investment_net_bop_current_usd,4,0.0029873835286874104
1,5,portfolio_investment_net_bop_current_usd,5,-0.002697917309057569
1,5,exports_of_goods_and_services_bop_current_usd,1,-0.548072736389671
1,5,exports_of_goods_and_services_bop_current_usd,2,-0.10486984827131932
1,5,exports_of_goods_and_services_bop_current_usd,3,-0.1657149966484673
1,5,exports_of_goods_and_services_bop_current_usd,4,0.10868625075403089
1,5,exports_of_goods_and_services_bop_current_usd,5,-0.015899891679640628
1,5,insurance_and_financial_services_percent_of_service_exports_bop,1,-0.03014638645371536
1,5,insurance_and_financial_services_percent_of_service_exports_bop,2,-0.13973480544283942
1,5,insurance_and_financial_services_percent_of_service_exports_bop,3,-0.09426553535984185
1,5,insurance_and_financial_services_percent_of_service_exports_bop,4,0.10294216021113857
1,5,insurance_and_financial_services_percent_of_service_exports_bop,5,0.03244859235162003
1,5,exports_of_goods_services_and_primary_income_bop_current_usd,1,-0.564148210774663
1,5,exports_of_goods_services_and_primary_income_bop_current_usd,2,-0.1069784322146937
1,5,exports_of_goods_services_and_primary_income_bop_current_usd,3,-0.1625360863502347
1,5,exports_of_goods_services_and_primary_income_bop_current_usd,4,0.09267188363740156
1,5,exports_of_goods_services_and_primary_income_bop_current_usd,5,-0.014518090434613981
1,5,transport_services_percent_of_service_exports_bop,1,-0.3772054602112629
1,5,transport_services_percent_of_service_exports_bop,2,0.12045345708274467
1,5,transport_services_percent_of_service_exports_bop,3,-0.016298575441354914
1,5,transport_services_percent_of_service_exports_bop,4,-0.013477803278096716
1,5,transport_services_percent_of_service_exports_bop,5,-0.20915443852984364
1,5,travel_services_percent_of_service_exports_bop,1,0.015188790332376377
1,5,travel_services_percent_of_service_exports_bop,2,0.11995275992062057
1,5,travel_services_percent_of_service_exports_bop,3,0.42895594766102685
1,5,travel_services_percent_of_service_exports_bop,4,0.06497672828016858
1,5,travel_services_percent_of_service_exports_bop,5,0.020881094674974402
1,5,foreign_direct_investment_net_inflows_percent_of_gdp,1,0.022176651017334823
1,5,foreign_direct_investment_net_inflows_percent_of_gdp,2,-0.14481635731744052
1,5,foreign_direct_investment_net_inflows_percent_of_gdp,3,-0.007583517543935439
1,5,foreign_direct_investment_net_inflows_percent_of_gdp,4,-0.1375266978441752
1,5,foreign_direct_investment_net_inflows_percent_of_gdp,5,-0.09388725711349236
1,5,short_term_debt_percent_of_exports_of_goods_services_and_primary_income,1,-0.6796755003837488
1,5,short_term_debt_percent_of_exports_of_goods_services_and_primary_income,2,0.33066567324784585
1,5,short_term_debt_percent_of_exports_of_goods_services_and_primary_income,3,-0.016514347365503574
1,5,short_term_debt_percent_of_exports_of_goods_services_and_primary_income,4,0.09459040728961063
1,5,short_term_debt_percent_of_exports_of_goods_services_and_primary_income,5,-0.008901837944628205
1,5,net_oda_received_percent_of_imports_of_goods_services_and_primary_income,1,0.5865695680340677
1,5,net_oda_received_percent_of_imports_of_goods_services_and_primary_income,2,0.1641915670631503
1,5,net_oda_received_percent_of_imports_of_goods_services_and_primary_income,3,0.03820953532172746
1,5,net_oda_received_percent_of_imports_of_goods_services_and_primary_income,4,0.06833131240973882
1,5,net_oda_received_percent_of_imports_of_goods_services_and_primary_income,5,-0.07125204092697936
1,5,total_debt_service_percent_of_exports_of_goods_services_and_primary_income,1,-0.2028183737537814
1,5,total_debt_service_percent_of_exports_of_goods_services_and_primary_income,2,-0.301375930523931
1,5,total_debt_service_percent_of_exports_of_goods_services_and_primary_income,3,-0.23355285559268113
1,5,total_debt_service_percent_of_exports_of_goods_services_and_primary_income,4,-0.17820645406374122
1,5,total_debt_service_percent_of_exports_of_goods_services_and_primary_income,5,-0.7858906641431517
1,5,debt_service_ppg_and_imf_only_percent_of_exports_of_goods_services_and_primary_income,1,0.06622866607121838
1,5,debt_service_ppg_and_imf_only_percent_of_exports_of_goods_services_and_primary_income,2,0.1016523024878142
1,5,debt_service_ppg_and_imf_only_percent_of_exports_of_goods_services_and_primary_income,3,0.029280490667990922
1,5,debt_service_ppg_and_imf_only_percent_of_exports_of_goods_services_and_primary_income,4,0.03039203048216749
1,5,debt_service_ppg_and_imf_only_percent_of_exports_of_goods_services_and_primary_income,5,-1.2241885181477479
1,5,public_and_publicly_guaranteed_debt_service_percent_of_exports_of_goods_services_and_primary_income,1,-0.0409091925697991
1,5,public_and_publicly_guaranteed_debt_service_percent_of_exports_of_goods_services_and_primary_income,2,0.04918340684508853
1,5,public_and_publicly_guaranteed_debt_service_percent_of_exports_of_goods_services_and_primary_income,3,-0.004795119305508809
1,5,public_and_publicly_guaranteed_debt_service_percent_of_exports_of_goods_services_and_primary_income,4,0.028541903003940865
1,5,public_and_publicly_guaranteed_debt_service_percent_of_exports_of_goods_services_and_primary_income,5,-1.2849504080476457
1,5,inflation_consumer_prices_annual_percent,1,0.03126658711344385
1,5,inflation_consumer_prices_annual_percent,2,0.4032060674705698
1,5,inflation_consumer_prices_annual_percent,3,-0.1332870118196826
1,5,inflation_consumer_prices_annual_percent,4,-0.1259652865454148
1,5,inflation_consumer_prices_annual_percent,5,0.2996224549416388
1,5,net_investment_in_nonfinancial_assets_percent_of_gdp,1,0.08138525608364469
1,5,net_investment_in_nonfinancial_assets_percent_of_gdp,2,-0.24056236587962482
1,5,net_investment_in_nonfinancial_assets_percent_of_gdp,3,0.18055565603092588
1,5,net_investment_in_nonfinancial_assets_percent_of_gdp,4,-0.4304537518934875
1,5,net_investment_in_nonfinancial_assets_percent_of_gdp,5,0.10876057710734749
1,5,taxes_on_goods_and_services_percent_of_revenue,1,-0.243193889569313
1,5,taxes_on_goods_and_services_percent_of_revenue,2,-0.057499123732509455
1,5,taxes_on_goods_and_services_percent_of_revenue,3,-0.09517326829617313
1,5,taxes_on_goods_and_services_percent_of_revenue,4,-0.16872932924500947
1,5,taxes_on_goods_and_services_percent_of_revenue,5,-0.17027848813989147
1,5,taxes_on_goods_and_services_percent_value_added_of_industry_and_services,1,-0.058198482755006796
1,5,taxes_on_goods_and_services_percent_value_added_of_industry_and_services,2,-0.1548803438715143
1,5,taxes_on_goods_and_services_percent_value_added_of_industry_and_services,3,0.10605032819148599
1,5,taxes_on_goods_and_services_percent_value_added_of_industry_and_services,4,-0.34801118488841126
1,5,taxes_on_goods_and_services_percent_value_added_of_industry_and_services,5,-0.03226184754195658
1,5,goods_and_services_expense_percent_of_expense,1,0.1586705035379728
1,5,goods_and_services_expense_percent_of_expense,2,-0.01952990734564614
1,5,goods_and_services_expense_percent_of_expense,3,0.10291534878877069
1,5,goods_and_services_expense_percent_of_expense,4,-0.06575268580448095
1,5,goods_and_services_expense_percent_of_expense,5,0.02383687663415783
1,5,statistical_performance_indicators_spi_pillar_2_data_services_score_scale_0_100,1,-0.010522720474895672
1,5,statistical_performance_indicators_spi_pillar_2_data_services_score_scale_0_100,2,-0.10818288271278316
1,5,statistical_performance_indicators_spi_pillar_2_data_services_score_scale_0_100,3,-0.15303841339787302
1,5,statistical_performance_indicators_spi_pillar_2_data_services_score_scale_0_100,4,0.04325031773954571
1,5,statistical_performance_indicators_spi_pillar_2_data_services_score_scale_0_100,5,-0.08395921638865345
1,5,logistics_performance_index_competence_and_quality_of_logistics_services_one_equals_low_to_five_equals_high,1,0.1742348263770288
1,5,logistics_performance_index_competence_and_quality_of_logistics_services_one_equals_low_to_five_equals_high,2,-0.13741068309749307
1,5,logistics_performance_index_competence_and_quality_of_logistics_services_one_equals_low_to_five_equals_high,3,0.10629552441103156
1,5,logistics_performance_index_competence_and_quality_of_logistics_services_one_equals_low_to_five_equals_high,4,0.11988582964295538
1,5,logistics_performance_index_competence_and_quality_of_logistics_services_one_equals_low_to_five_equals_high,5,-0.16355475214928739
1,5,exports_of_goods_and_services_current_usd,1,-0.22592830407910958
1,5,exports_of_goods_and_services_current_usd,2,-0.2461118148849694
1,5,exports_of_goods_and_services_current_usd,3,-0.4666976385519801
1,5,exports_of_goods_and_services_current_usd,4,0.134363362181434
1,5,exports_of_goods_and_services_current_usd,5,-0.042659442287544605
1,5,exports_of_goods_and_services_constant_2015_usd,1,-0.25527107479043004
1,5,exports_of_goods_and_services_constant_2015_usd,2,-0.14989498063833628
1,5,exports_of_goods_and_services_constant_2015_usd,3,-0.47560956992335707
1,5,exports_of_goods_and_services_constant_2015_usd,4,0.10766222320473137
1,5,exports_of_goods_and_services_constant_2015_usd,5,-0.03391705092420929
1,5,exports_of_goods_and_services_annual_percent_growth,1,-0.11791493953799653
1,5,exports_of_goods_and_services_annual_percent_growth,2,0.07471598542382835
1,5,exports_of_goods_and_services_annual_percent_growth,3,-0.2452530217834995
1,5,exports_of_goods_and_services_annual_percent_growth,4,-0.1355588425714794
1,5,exports_of_goods_and_services_annual_percent_growth,5,0.045860795772653805
1,5,exports_of_goods_and_services_percent_of_gdp,1,-0.01819986378721148
1,5,exports_of_goods_and_services_percent_of_gdp,2,-0.8718709307237992
1,5,exports_of_goods_and_services_percent_of_gdp,3,-0.11592140977300508
1,5,exports_of_goods_and_services_percent_of_gdp,4,0.021156586732777916
1,5,exports_of_goods_and_services_percent_of_gdp,5,0.26983687348259905
1,5,imports_of_goods_and_services_current_usd,1,-0.23832388186507503
1,5,imports_of_goods_and_services_current_usd,2,-0.13351505694119034
1,5,imports_of_goods_and_services_current_usd,3,-0.5515257209522402
1,5,imports_of_goods_and_services_current_usd,4,-0.03418330728444149
1,5,imports_of_goods_and_services_current_usd,5,-0.09290395654543282
1,5,imports_of_goods_and_services_constant_2015_usd,1,-0.298635789206096
1,5,imports_of_goods_and_services_constant_2015_usd,2,-0.0337640632481592
1,5,imports_of_goods_and_services_constant_2015_usd,3,-0.5296141859760993
1,5,imports_of_goods_and_services_constant_2015_usd,4,0.0031130078084772956
1,5,imports_of_goods_and_services_constant_2015_usd,5,-0.07934371390378353
1,5,imports_of_goods_and_services_annual_percent_growth,1,-0.23272556554563312
1,5,imports_of_goods_and_services_annual_percent_growth,2,-0.04830423732232646
1,5,imports_of_goods_and_services_annual_percent_growth,3,-0.3208715580054572
1,5,imports_of_goods_and_services_annual_percent_growth,4,-0.2741890853305283
1,5,imports_of_goods_and_services_annual_percent_growth,5,0.15990291958715103
1,5,imports_of_goods_and_services_percent_of_gdp,1,0.08292589705255339
1,5,imports_of_goods_and_services_percent_of_gdp,2,-0.46943521005216626
1,5,imports_of_goods_and_services_percent_of_gdp,3,-0.0553167181254055
1,5,imports_of_goods_and_services_percent_of_gdp,4,-0.6389986553815264
1,5,imports_of_goods_and_services_percent_of_gdp,5,0.24312703536336766
1,5,external_balance_on_goods_and_services_percent_of_gdp,1,-0.10462845189184701
1,5,external_balance_on_goods_and_services_percent_of_gdp,2,-0.24325813280269154
1,5,external_balance_on_goods_and_services_percent_of_gdp,3,-0.06493888827616699
1,5,external_balance_on_goods_and_services_percent_of_gdp,4,0.7271853196803665
1,5,external_balance_on_goods_and_services_percent_of_gdp,5,0.06873134298967817
1,5,services_value_added_per_worker_constant_2015_usd,1,-0.06279945086072275
1,5,services_value_added_per_worker_constant_2015_usd,2,0.006405229700290067
1,5,services_value_added_per_worker_constant_2015_usd,3,-0.05008858550677602
1,5,services_value_added_per_worker_constant_2015_usd,4,0.053735424245277476
1,5,services_value_added_per_worker_constant_2015_usd,5,0.019813743421859712
1,5,services_value_added_current_usd,1,-0.4184178974856253
1,5,services_value_added_current_usd,2,0.023260225881209295
1,5,services_value_added_current_usd,3,-0.4059814574058146
1,5,services_value_added_current_usd,4,0.08731951688714752
1,5,services_value_added_current_usd,5,-0.15654983842908698
1,5,services_value_added_constant_2015_usd,1,-0.41045707710933066
1,5,services_value_added_constant_2015_usd,2,0.0712196457934055
1,5,services_value_added_constant_2015_usd,3,-0.36413862468135316
1,5,services_value_added_constant_2015_usd,4,0.12078467072338013
1,5,services_value_added_constant_2015_usd,5,-0.13215106726020487
1,5,services_value_added_annual_percent_growth,1,0.06064246964298242
1,5,services_value_added_annual_percent_growth,2,-0.13836740983334145
1,5,services_value_added_annual_percent_growth,3,-0.1584860976809989
1,5,services_value_added_annual_percent_growth,4,0.060321959352965665
1,5,services_value_added_annual_percent_growth,5,-0.24475304775793436
1,5,services_value_added_percent_of_gdp,1,0.06011757039332589
1,5,services_value_added_percent_of_gdp,2,0.022813915485637708
1,5,services_value_added_percent_of_gdp,3,-0.008972469053630932
1,5,services_value_added_percent_of_gdp,4,-0.2646609475849178
1,5,services_value_added_percent_of_gdp,5,-0.14201124135896137
1,5,inflation_gdp_deflator_annual_percent,1,-0.25795092719611984
1,5,inflation_gdp_deflator_annual_percent,2,0.39802208438914927
1,5,inflation_gdp_deflator_annual_percent,3,-0.11867033047464567
1,5,inflation_gdp_deflator_annual_percent,4,0.09813451186090039
1,5,inflation_gdp_deflator_annual_percent,5,0.12717974742110372
1,5,inflation_gdp_deflator_linked_series_annual_percent,1,-0.2580204960458096
1,5,inflation_gdp_deflator_linked_series_annual_percent,2,0.3976557011126865
1,5,inflation_gdp_deflator_linked_series_annual_percent,3,-0.11884560752934666
1,5,inflation_gdp_deflator_linked_series_annual_percent,4,0.09799408672126002
1,5,inflation_gdp_deflator_linked_series_annual_percent,5,0.12677495389746196
1,5,foreign_direct_investment_net_bop_percent_of_gdp,1,-0.1437436893040006
1,5,foreign_direct_investment_net_bop_percent_of_gdp,2,0.21240452572960247
1,5,foreign_direct_investment_net_bop_percent_of_gdp,3,0.10044050399510483
1,5,foreign_direct_investment_net_bop_percent_of_gdp,4,0.19366692667391966
1,5,foreign_direct_investment_net_bop_percent_of_gdp,5,0.10060604298559897
2,6,trade_in_services_percent_of_gdp,1,-0.0011127239972996874
2,6,trade_in_services_percent_of_gdp,2,0.11042671077219086
2,6,trade_in_services_percent_of_gdp,3,0.08797095906725923
2,6,trade_in_services_percent_of_gdp,4,0.6543718247602207
2,6,trade_in_services_percent_of_gdp,5,-0.17553477311677393
2,6,trade_in_services_percent_of_gdp,6,-0.00271698367078798
2,6,imports_of_goods_and_services_bop_current_usd,1,0.006525087466503729
2,6,imports_of_goods_and_services_bop_current_usd,2,-0.7370562758690131
2,6,imports_of_goods_and_services_bop_current_usd,3,0.03948591971793194
2,6,imports_of_goods_and_services_bop_current_usd,4,-0.017180524242000842
2,6,imports_of_goods_and_services_bop_current_usd,5,-0.11307183442422969
2,6,imports_of_goods_and_services_bop_current_usd,6,-0.03744844980980959
2,6,insurance_and_financial_services_percent_of_service_imports_bop,1,0.18208601605239152
2,6,insurance_and_financial_services_percent_of_service_imports_bop,2,0.16976502253739167
2,6,insurance_and_financial_services_percent_of_service_imports_bop,3,0.09302576937447875
2,6,insurance_and_financial_services_percent_of_service_imports_bop,4,0.11180999509551419
2,6,insurance_and_financial_services_percent_of_service_imports_bop,5,-0.1570954166362771
2,6,insurance_and_financial_services_percent_of_service_imports_bop,6,0.16269448830564873
2,6,imports_of_goods_services_and_primary_income_bop_current_usd,1,0.007377307509982903
2,6,imports_of_goods_services_and_primary_income_bop_current_usd,2,-0.7313321004484089
2,6,imports_of_goods_services_and_primary_income_bop_current_usd,3,0.04894499403068362
2,6,imports_of_goods_services_and_primary_income_bop_current_usd,4,0.021774987949869883
2,6,imports_of_goods_services_and_primary_income_bop_current_usd,5,-0.13992025408436068
2,6,imports_of_goods_services_and_primary_income_bop_current_usd,6,-0.021189881753515678
2,6,transport_services_percent_of_service_imports_bop,1,0.09583882134030783
2,6,transport_services_percent_of_service_imports_bop,2,0.11039455400527562
2,6,transport_services_percent_of_service_imports_bop,3,-0.15773962516252088
2,6,transport_services_percent_of_service_imports_bop,4,0.0012461169837423636
2,6,transport_services_percent_of_service_imports_bop,5,0.18107763247812855
2,6,transport_services_percent_of_service_imports_bop,6,-0.05736331436960501
2,6,travel_services_percent_of_service_imports_bop,1,-0.13101171023215502
2,6,travel_services_percent_of_service_imports_bop,2,0.09617768278222616
2,6,travel_services_percent_of_service_imports_bop,3,-0.12749813380196753
2,6,travel_services_percent_of_service_imports_bop,4,-0.3994874533632761
2,6,travel_services_percent_of_service_imports_bop,5,0.06634936705104766
2,6,travel_services_percent_of_service_imports_bop,6,0.07519844046242694
2,6,foreign_direct_investment_net_outflows_percent_of_gdp,1,-0.07362602668582587
2,6,foreign_direct_investment_net_outflows_percent_of_gdp,2,-0.3232136355400956
2,6,foreign_direct_investment_net_outflows_percent_of_gdp,3,0.033499609330350205
2,6,foreign_direct_investment_net_outflows_percent_of_gdp,4,-0.15090651525111698
2,6,foreign_direct_investment_net_outflows_percent_of_gdp,5,0.10491983967611802
2,6,foreign_direct_investment_net_outflows_percent_of_gdp,6,0.3202507222454859
2,6,portfolio_investment_net_bop_current_usd,1,-0.01606639767062119
2,6,portfolio_investment_net_bop_current_usd,2,0.0656747003490729
2,6,portfolio_investment_net_bop_current_usd,3,-0.38309267727203605
2,6,portfolio_investment_net_bop_current_usd,4,-0.13694021365535058
2,6,portfolio_investment_net_bop_current_usd,5,-0.07485291371283753
2,6,portfolio_investment_net_bop_current_usd,6,0.34142270967359123
2,6,exports_of_goods_and_services_bop_current_usd,1,-0.014988065018949979
2,6,exports_of_goods_and_services_bop_current_usd,2,-0.6967921359585568
2,6,exports_of_goods_and_services_bop_current_usd,3,-0.004587026626983057
2,6,exports_of_goods_and_services_bop_current_usd,4,-0.026465030668163532
2,6,exports_of_goods_and_services_bop_current_usd,5,-0.15652249058992648
2,6,exports_of_goods_and_services_bop_current_usd,6,0.03467559146534024
2,6,insurance_and_financial_services_percent_of_service_exports_bop,1,0.023954113186933534
2,6,insurance_and_financial_services_percent_of_service_exports_bop,2,-0.23882538727588085
2,6,insurance_and_financial_services_percent_of_service_exports_bop,3,0.17568625636788407
2,6,insurance_and_financial_services_percent_of_service_exports_bop,4,0.23610986699803788
2,6,insurance_and_financial_services_percent_of_service_exports_bop,5,-0.25330563504646014
2,6,insurance_and_financial_services_percent_of_service_exports_bop,6,0.29406748104324115
2,6,exports_of_goods_services_and_primary_income_bop_current_usd,1,-0.012913051222486403
2,6,exports_of_goods_services_and_primary_income_bop_current_usd,2,-0.6869574741073814
2,6,exports_of_goods_services_and_primary_income_bop_current_usd,3,0.009478502952498255
2,6,exports_of_goods_services_and_primary_income_bop_current_usd,4,0.00729742523958128
2,6,exports_of_goods_services_and_primary_income_bop_current_usd,5,-0.1803321316344222
2,6,exports_of_goods_services_and_primary_income_bop_current_usd,6,0.03736300056449819
2,6,transport_services_percent_of_service_exports_bop,1,-0.07130166374841197
2,6,transport_services_percent_of_service_exports_bop,2,-0.019263923019717376
2,6,transport_services_percent_of_service_exports_bop,3,-0.3720341541402491
2,6,transport_services_percent_of_service_exports_bop,4,0.16752493207131552
2,6,transport_services_percent_of_service_exports_bop,5,0.014749127480825524
2,6,transport_services_percent_of_service_exports_bop,6,-0.07058310272909198
2,6,travel_services_percent_of_service_exports_bop,1,0.2023423997034419
2,6,travel_services_percent_of_service_exports_bop,2,0.3758833628433381
2,6,travel_services_percent_of_service_exports_bop,3,0.01822014611998102
2,6,travel_services_percent_of_service_exports_bop,4,-0.4248135484840032
2,6,travel_services_percent_of_service_exports_bop,5,0.17030157116074543
2,6,travel_services_percent_of_service_exports_bop,6,-0.05766636267326321
2,6,foreign_direct_investment_net_inflows_percent_of_gdp,1,0.049118953690194596
2,6,foreign_direct_investment_net_inflows_percent_of_gdp,2,0.07517885973528575
2,6,foreign_direct_investment_net_inflows_percent_of_gdp,3,0.15610680069520486
2,6,foreign_direct_investment_net_inflows_percent_of_gdp,4,0.2443412274652675
2,6,foreign_direct_investment_net_inflows_percent_of_gdp,5,0.06682681738744822
2,6,foreign_direct_investment_net_inflows_percent_of_gdp,6,0.030414240485367068
2,6,short_term_debt_percent_of_exports_of_goods_services_and_primary_income,1,0.19877659794147087
2,6,short_term_debt_percent_of_exports_of_goods_services_and_primary_income,2,-0.02652210208181547
2,6,short_term_debt_percent_of_exports_of_goods_services_and_primary_income,3,-0.1131356332954017
2,6,short_term_debt_percent_of_exports_of_goods_services_and_primary_income,4,-0.02292350256926901
2,6,short_term_debt_percent_of_exports_of_goods_services_and_primary_income,5,0.004077883600109114
2,6,short_term_debt_percent_of_exports_of_goods_services_and_primary_income,6,-0.05306435042805367
2,6,net_oda_received_percent_of_imports_of_goods_services_and_primary_income,1,-0.24618777413442267
2,6,net_oda_received_percent_of_imports_of_goods_services_and_primary_income,2,-0.02312446128923902
2,6,net_oda_received_percent_of_imports_of_goods_services_and_primary_income,3,0.08790539634549636
2,6,net_oda_received_percent_of_imports_of_goods_services_and_primary_income,4,0.05328804742480882
2,6,net_oda_received_percent_of_imports_of_goods_services_and_primary_income,5,-0.006492062407473172
2,6,net_oda_received_percent_of_imports_of_goods_services_and_primary_income,6,0.04578001436942432
2,6,total_debt_service_percent_of_exports_of_goods_services_and_primary_income,1,0.12235860589501646
2,6,total_debt_service_percent_of_exports_of_goods_services_and_primary_income,2,-0.016325902896737354
2,6,total_debt_service_percent_of_exports_of_goods_services_and_primary_income,3,-0.06964159015917568
2,6,total_debt_service_percent_of_exports_of_goods_services_and_primary_income,4,-0.014110754714860717
2,6,total_debt_service_percent_of_exports_of_goods_services_and_primary_income,5,0.002510175531117704
2,6,total_debt_service_percent_of_exports_of_goods_services_and_primary_income,6,-0.032664206995901376
2,6,debt_service_ppg_and_imf_only_percent_of_exports_of_goods_services_and_primary_income,1,-0.01582990501921061
2,6,debt_service_ppg_and_imf_only_percent_of_exports_of_goods_services_and_primary_income,2,-0.014760234709212174
2,6,debt_service_ppg_and_imf_only_percent_of_exports_of_goods_services_and_primary_income,3,0.006253778386626013
2,6,debt_service_ppg_and_imf_only_percent_of_exports_of_goods_services_and_primary_income,4,0.012731361216709734
2,6,debt_service_ppg_and_imf_only_percent_of_exports_of_goods_services_and_primary_income,5,-0.0008872430359740958
2,6,debt_service_ppg_and_imf_only_percent_of_exports_of_goods_services_and_primary_income,6,0.005286551316461254
2,6,public_and_publicly_guaranteed_debt_service_percent_of_exports_of_goods_services_and_primary_income,1,0.01865272633842041
2,6,public_and_publicly_guaranteed_debt_service_percent_of_exports_of_goods_services_and_primary_income,2,-0.0024887714005318675
2,6,public_and_publicly_guaranteed_debt_service_percent_of_exports_of_goods_services_and_primary_income,3,-0.010616380543973188
2,6,public_and_publicly_guaranteed_debt_service_percent_of_exports_of_goods_services_and_primary_income,4,-0.002151087324014637
2,6,public_and_publicly_guaranteed_debt_service_percent_of_exports_of_goods_services_and_primary_income,5,0.0003826589629789552
2,6,public_and_publicly_guaranteed_debt_service_percent_of_exports_of_goods_services_and_primary_income,6,-0.004979433278921341
2,6,inflation_consumer_prices_annual_percent,1,0.11254595364783072
2,6,inflation_consumer_prices_annual_percent,2,-0.06438113161699677
2,6,inflation_consumer_prices_annual_percent,3,-0.3532408519070317
2,6,inflation_consumer_prices_annual_percent,4,0.06681282923334078
2,6,inflation_consumer_prices_annual_percent,5,0.14537022937740285
2,6,inflation_consumer_prices_annual_percent,6,-0.5723148999386766
2,6,net_investment_in_nonfinancial_assets_percent_of_gdp,1,0.039463871768551144
2,6,net_investment_in_nonfinancial_assets_percent_of_gdp,2,0.46911563087806774
2,6,net_investment_in_nonfinancial_assets_percent_of_gdp,3,0.0013769296278587986
2,6,net_investment_in_nonfinancial_assets_percent_of_gdp,4,0.06885907691732468
2,6,net_investment_in_nonfinancial_assets_percent_of_gdp,5,-0.2960057314275194
2,6,net_investment_in_nonfinancial_assets_percent_of_gdp,6,-0.22478516460853842
2,6,taxes_on_goods_and_services_percent_of_revenue,1,0.1660225304606071
2,6,taxes_on_goods_and_services_percent_of_revenue,2,0.5272019636824338
2,6,taxes_on_goods_and_services_percent_of_revenue,3,0.07225240023726229
2,6,taxes_on_goods_and_services_percent_of_revenue,4,0.14024145607528102
2,6,taxes_on_goods_and_services_percent_of_revenue,5,-0.12929859873990068
2,6,taxes_on_goods_and_services_percent_of_revenue,6,-0.3847426768840967
2,6,taxes_on_goods_and_services_percent_value_added_of_industry_and_services,1,-0.08809503213237228
2,6,taxes_on_goods_and_services_percent_value_added_of_industry_and_services,2,0.3155073374288238
2,6,taxes_on_goods_and_services_percent_value_added_of_industry_and_services,3,-0.01528304186544463
2,6,taxes_on_goods_and_services_percent_value_added_of_industry_and_services,4,0.10968291108440187
2,6,taxes_on_goods_and_services_percent_value_added_of_industry_and_services,5,-0.13550360370017214
2,6,taxes_on_goods_and_services_percent_value_added_of_industry_and_services,6,-0.6912022743037491
2,6,goods_and_services_expense_percent_of_expense,1,0.09302294135591452
2,6,goods_and_services_expense_percent_of_expense,2,0.4932520305041414
2,6,goods_and_services_expense_percent_of_expense,3,-0.08513167778854443
2,6,goods_and_services_expense_percent_of_expense,4,0.05282857212548379
2,6,goods_and_services_expense_percent_of_expense,5,0.22430601760536548
2,6,goods_and_services_expense_percent_of_expense,6,0.40919199215728796
2,6,statistical_performance_indicators_spi_pillar_2_data_services_score_scale_0_100,1,-0.16874150169544258
2,6,statistical_performance_indicators_spi_pillar_2_data_services_score_scale_0_100,2,-0.4658921507203201
2,6,statistical_performance_indicators_spi_pillar_2_data_services_score_scale_0_100,3,-0.08358732219519778
2,6,statistical_performance_indicators_spi_pillar_2_data_services_score_scale_0_100,4,0.08965279782113629
2,6,statistical_performance_indicators_spi_pillar_2_data_services_score_scale_0_100,5,0.008760472483337861
2,6,statistical_performance_indicators_spi_pillar_2_data_services_score_scale_0_100,6,-0.28069417942803715
2,6,logistics_performance_index_competence_and_quality_of_logistics_services_one_equals_low_to_five_equals_high,1,-0.07332482124290636
2,6,logistics_performance_index_competence_and_quality_of_logistics_services_one_equals_low_to_five_equals_high,2,-0.5881534561714756
2,6,logistics_performance_index_competence_and_quality_of_logistics_services_one_equals_low_to_five_equals_high,3,-0.004930594817619589
2,6,logistics_performance_index_competence_and_quality_of_logistics_services_one_equals_low_to_five_equals_high,4,0.1088697214474195
2,6,logistics_performance_index_competence_and_quality_of_logistics_services_one_equals_low_to_five_equals_high,5,0.04819322124780597
2,6,logistics_performance_index_competence_and_quality_of_logistics_services_one_equals_low_to_five_equals_high,6,0.031180650102446125
2,6,exports_of_goods_and_services_current_usd,1,-0.00955170989345158
2,6,exports_of_goods_and_services_current_usd,2,-0.6927517305628618
2,6,exports_of_goods_and_services_current_usd,3,-0.028999771269483235
2,6,exports_of_goods_and_services_current_usd,4,-0.0007172171189329834
2,6,exports_of_goods_and_services_current_usd,5,0.038706070392411605
2,6,exports_of_goods_and_services_current_usd,6,0.12245376820757661
2,6,exports_of_goods_and_services_constant_2015_usd,1,0.02449463570599077
2,6,exports_of_goods_and_services_constant_2015_usd,2,-0.7651037141955603
2,6,exports_of_goods_and_services_constant_2015_usd,3,0.03816520995417146
2,6,exports_of_goods_and_services_constant_2015_usd,4,0.03728305692651148
2,6,exports_of_goods_and_services_constant_2015_usd,5,0.08638137299077407
2,6,exports_of_goods_and_services_constant_2015_usd,6,0.06023094755110958
2,6,exports_of_goods_and_services_annual_percent_growth,1,-0.050469655290390186
2,6,exports_of_goods_and_services_annual_percent_growth,2,0.1354026965795552
2,6,exports_of_goods_and_services_annual_percent_growth,3,-0.09370715731408012
2,6,exports_of_goods_and_services_annual_percent_growth,4,-0.16138461443194024
2,6,exports_of_goods_and_services_annual_percent_growth,5,0.019903023513259233
2,6,exports_of_goods_and_services_annual_percent_growth,6,-0.04448847826822476
2,6,exports_of_goods_and_services_percent_of_gdp,1,-0.03429867644579096
2,6,exports_of_goods_and_services_percent_of_gdp,2,0.03876819679296806
2,6,exports_of_goods_and_services_percent_of_gdp,3,-0.10746273455572168
2,6,exports_of_goods_and_services_percent_of_gdp,4,0.837209610329755
2,6,exports_of_goods_and_services_percent_of_gdp,5,-0.06100717467471175
2,6,exports_of_goods_and_services_percent_of_gdp,6,0.18514161556864314
2,6,imports_of_goods_and_services_current_usd,1,0.007226705737836326
2,6,imports_of_goods_and_services_current_usd,2,-0.7318505219687934
2,6,imports_of_goods_and_services_current_usd,3,0.015538652690888995
2,6,imports_of_goods_and_services_current_usd,4,0.004953277586179994
2,6,imports_of_goods_and_services_current_usd,5,0.07790913863724767
2,6,imports_of_goods_and_services_current_usd,6,0.03666493412486406
2,6,imports_of_goods_and_services_constant_2015_usd,1,0.010240894449714301
2,6,imports_of_goods_and_services_constant_2015_usd,2,-0.7948813497694052
2,6,imports_of_goods_and_services_constant_2015_usd,3,0.045806856377924754
2,6,imports_of_goods_and_services_constant_2015_usd,4,0.021119816384087813
2,6,imports_of_goods_and_services_constant_2015_usd,5,0.10616765354832366
2,6,imports_of_goods_and_services_constant_2015_usd,6,0.029494824537341598
2,6,imports_of_goods_and_services_annual_percent_growth,1,-0.07801181917787557
2,6,imports_of_goods_and_services_annual_percent_growth,2,0.19584202862160494
2,6,imports_of_goods_and_services_annual_percent_growth,3,-0.16570418915724938
2,6,imports_of_goods_and_services_annual_percent_growth,4,-0.12680890935507788
2,6,imports_of_goods_and_services_annual_percent_growth,5,0.14349281319247564
2,6,imports_of_goods_and_services_annual_percent_growth,6,0.15641999502415654
2,6,imports_of_goods_and_services_percent_of_gdp,1,0.0221250613571461
2,6,imports_of_goods_and_services_percent_of_gdp,2,0.04308973841515568
2,6,imports_of_goods_and_services_percent_of_gdp,3,0.05382362551130712
2,6,imports_of_goods_and_services_percent_of_gdp,4,1.0193445629219222
2,6,imports_of_goods_and_services_percent_of_gdp,5,0.07114992775493224
2,6,imports_of_goods_and_services_percent_of_gdp,6,-0.1300825435226057
2,6,external_balance_on_goods_and_services_percent_of_gdp,1,-0.06504329935080268
2,6,external_balance_on_goods_and_services_percent_of_gdp,2,-0.008645136428922066
2,6,external_balance_on_goods_and_services_percent_of_gdp,3,-0.263299345018046
2,6,external_balance_on_goods_and_services_percent_of_gdp,4,0.20465339670181634
2,6,external_balance_on_goods_and_services_percent_of_gdp,5,-0.2135644102402522
2,6,external_balance_on_goods_and_services_percent_of_gdp,6,0.5612756231329786
2,6,services_value_added_per_worker_constant_2015_usd,1,-0.008498550449341892
2,6,services_value_added_per_worker_constant_2015_usd,2,-0.23979703753635417
2,6,services_value_added_per_worker_constant_2015_usd,3,0.0739207266080844
2,6,services_value_added_per_worker_constant_2015_usd,4,0.04416228936537632
2,6,services_value_added_per_worker_constant_2015_usd,5,-0.07917149210123792
2,6,services_value_added_per_worker_constant_2015_usd,6,0.11970617015767586
2,6,services_value_added_current_usd,1,0.002524685189262147
2,6,services_value_added_current_usd,2,-0.6482243793929338
2,6,services_value_added_current_usd,3,0.0023445010925643435
2,6,services_value_added_current_usd,4,-0.15050105514971943
2,6,services_value_added_current_usd,5,0.04200792732865505
2,6,services_value_added_current_usd,6,0.037118218475034305
2,6,services_value_added_constant_2015_usd,1,0.00837571039675213
2,6,services_value_added_constant_2015_usd,2,-0.7143492527465214
2,6,services_value_added_constant_2015_usd,3,-0.010063225974040734
2,6,services_value_added_constant_2015_usd,4,-0.20684668666577105
2,6,services_value_added_constant_2015_usd,5,0.04552821398003384
2,6,services_value_added_constant_2015_usd,6,0.02609516868495592
2,6,services_value_added_annual_percent_growth,1,0.21455490440519143
2,6,services_value_added_annual_percent_growth,2,0.25416021214213785
2,6,services_value_added_annual_percent_growth,3,0.043178853158243095
2,6,services_value_added_annual_percent_growth,4,-0.3101727621640891
2,6,services_value_added_annual_percent_growth,5,0.11059444940645757
2,6,services_value_added_annual_percent_growth,6,-0.03019645750214911
2,6,services_value_added_percent_of_gdp,1,0.15928577643745992
2,6,services_value_added_percent_of_gdp,2,-0.07153087310186328
2,6,services_value_added_percent_of_gdp,3,0.5874624068772866
2,6,services_value_added_percent_of_gdp,4,0.25163910833814834
2,6,services_value_added_percent_of_gdp,5,-0.049064982547229546
2,6,services_value_added_percent_of_gdp,6,-0.26657578176202784
2,6,inflation_gdp_deflator_annual_percent,1,0.02450416927858996
2,6,inflation_gdp_deflator_annual_percent,2,0.016786580220141047
2,6,inflation_gdp_deflator_annual_percent,3,-0.8201038443755644
2,6,inflation_gdp_deflator_annual_percent,4,0.015330866794911916
2,6,inflation_gdp_deflator_annual_percent,5,-0.0030190470448089707
2,6,inflation_gdp_deflator_annual_percent,6,-0.04177990051486752
2,6,inflation_gdp_deflator_linked_series_annual_percent,1,0.025158804106693296
2,6,inflation_gdp_deflator_linked_series_annual_percent,2,0.021079843566874784
2,6,inflation_gdp_deflator_linked_series_annual_percent,3,-0.8184694198954009
2,6,inflation_gdp_deflator_linked_series_annual_percent,4,0.011470803710063109
2,6,inflation_gdp_deflator_linked_series_annual_percent,5,-0.00015808608897653783
2,6,inflation_gdp_deflator_linked_series_annual_percent,6,-0.04555244047050253
2,6,foreign_direct_investment_net_bop_percent_of_gdp,1,-0.014340668409699315
2,6,foreign_direct_investment_net_bop_percent_of_gdp,2,-0.29661851220964114
2,6,foreign_direct_investment_net_bop_percent_of_gdp,3,-0.027193908386148876
2,6,foreign_direct_investment_net_bop_percent_of_gdp,4,-0.15676902914395088
2,6,foreign_direct_investment_net_bop_percent_of_gdp,5,-0.10815813608512671
2,6,foreign_direct_investment_net_bop_percent_of_gdp,6,0.14143571924155127
3,7,trade_in_services_percent_of_gdp,1,0.1265500008879958
3,7,trade_in_services_percent_of_gdp,2,-0.6370139653376045
3,7,trade_in_services_percent_of_gdp,3,-0.09647750554285622
3,7,trade_in_services_percent_of_gdp,4,0.39305381766722935
3,7,trade_in_services_percent_of_gdp,5,0.12722763120102915
3,7,trade_in_services_percent_of_gdp,6,0.07843587842211962
3,7,trade_in_services_percent_of_gdp,7,-0.1260567457513436
3,7,imports_of_goods_and_services_bop_current_usd,1,-0.09253720042113696
3,7,imports_of_goods_and_services_bop_current_usd,2,0.9528761865649948
3,7,imports_of_goods_and_services_bop_current_usd,3,0.058122248169472986
3,7,imports_of_goods_and_services_bop_current_usd,4,-0.01618006050315479
3,7,imports_of_goods_and_services_bop_current_usd,5,0.02728077857941289
3,7,imports_of_goods_and_services_bop_current_usd,6,-0.015871203382086845
3,7,imports_of_goods_and_services_bop_current_usd,7,0.04485206153917059
3,7,insurance_and_financial_services_percent_of_service_imports_bop,1,-0.0479364838000852
3,7,insurance_and_financial_services_percent_of_service_imports_bop,2,0.1897173050901711
3,7,insurance_and_financial_services_percent_of_service_imports_bop,3,-0.05548704605066397
3,7,insurance_and_financial_services_percent_of_service_imports_bop,4,-0.031154127435079094
3,7,insurance_and_financial_services_percent_of_service_imports_bop,5,-0.21823862111783082
3,7,insurance_and_financial_services_percent_of_service_imports_bop,6,0.10164945493367884
3,7,insurance_and_financial_services_percent_of_service_imports_bop,7,0.0874595162195686
3,7,imports_of_goods_services_and_primary_income_bop_current_usd,1,-0.09133307871540956
3,7,imports_of_goods_services_and_primary_income_bop_current_usd,2,0.9435846400972304
3,7,imports_of_goods_services_and_primary_income_bop_current_usd,3,0.06532279453563594
3,7,imports_of_goods_services_and_primary_income_bop_current_usd,4,-0.01886798680886759
3,7,imports_of_goods_services_and_primary_income_bop_current_usd,5,0.03362305189411955
3,7,imports_of_goods_services_and_primary_income_bop_current_usd,6,-0.01062479006603477
3,7,imports_of_goods_services_and_primary_income_bop_current_usd,7,0.07686367895336893
3,7,transport_services_percent_of_service_imports_bop,1,0.17118792766734653
3,7,transport_services_percent_of_service_imports_bop,2,0.06821272606336151
3,7,transport_services_percent_of_service_imports_bop,3,0.1191649296887873
3,7,transport_services_percent_of_service_imports_bop,4,0.10409382420666752
3,7,transport_services_percent_of_service_imports_bop,5,-0.21175152641021788
3,7,transport_services_percent_of_service_imports_bop,6,-0.07660197391524631
3,7,transport_services_percent_of_service_imports_bop,7,-0.05807777114802864
3,7,travel_services_percent_of_service_imports_bop,1,-0.21621534319945895
3,7,travel_services_percent_of_service_imports_bop,2,0.009382246693591714
3,7,travel_services_percent_of_service_imports_bop,3,-0.030340709163336203
3,7,travel_services_percent_of_service_imports_bop,4,0.05356163143202497
3,7,travel_services_percent_of_service_imports_bop,5,-0.031870361859308034
3,7,travel_services_percent_of_service_imports_bop,6,-0.18158906837731914
3,7,travel_services_percent_of_service_imports_bop,7,-0.046282637022522985
3,7,foreign_direct_investment_net_outflows_percent_of_gdp,1,0.0009525983422350146
3,7,foreign_direct_investment_net_outflows_percent_of_gdp,2,0.0793304541882631
3,7,foreign_direct_investment_net_outflows_percent_of_gdp,3,0.033074459669512175
3,7,foreign_direct_investment_net_outflows_percent_of_gdp,4,0.02706493417092875
3,7,foreign_direct_investment_net_outflows_percent_of_gdp,5,0.029217078561537484
3,7,foreign_direct_investment_net_outflows_percent_of_gdp,6,-0.01091431902396984
3,7,foreign_direct_investment_net_outflows_percent_of_gdp,7,-0.23268174690428256
3,7,portfolio_investment_net_bop_current_usd,1,0.06363663413226793
3,7,portfolio_investment_net_bop_current_usd,2,0.1364768908778362
3,7,portfolio_investment_net_bop_current_usd,3,-0.035504586711010075
3,7,portfolio_investment_net_bop_current_usd,4,-0.07285838332503135
3,7,portfolio_investment_net_bop_current_usd,5,0.04501411073970204
3,7,portfolio_investment_net_bop_current_usd,6,0.024781961407653843
3,7,portfolio_investment_net_bop_current_usd,7,0.018656896015424754
3,7,exports_of_goods_and_services_bop_current_usd,1,-0.09141114974655258
3,7,exports_of_goods_and_services_bop_current_usd,2,0.925731297593762
3,7,exports_of_goods_and_services_bop_current_usd,3,0.05827611741810602
3,7,exports_of_goods_and_services_bop_current_usd,4,-0.02341023485867563
3,7,exports_of_goods_and_services_bop_current_usd,5,0.06080555380868529
3,7,exports_of_goods_and_services_bop_current_usd,6,0.08544896592340699
3,7,exports_of_goods_and_services_bop_current_usd,7,0.053897808071375716
3,7,insurance_and_financial_services_percent_of_service_exports_bop,1,0.009634570905132318
3,7,insurance_and_financial_services_percent_of_service_exports_bop,2,0.08659178288165865
3,7,insurance_and_financial_services_percent_of_service_exports_bop,3,0.06791792306953609
3,7,insurance_and_financial_services_percent_of_service_exports_bop,4,-0.11258655323493796
3,7,insurance_and_financial_services_percent_of_service_exports_bop,5,0.007453858577918631
3,7,insurance_and_financial_services_percent_of_service_exports_bop,6,0.08994206114910895
3,7,insurance_and_financial_services_percent_of_service_exports_bop,7,0.3094814793328586
3,7,exports_of_goods_services_and_primary_income_bop_current_usd,1,-0.07760456504861755
3,7,exports_of_goods_services_and_primary_income_bop_current_usd,2,0.9103586815894356
3,7,exports_of_goods_services_and_primary_income_bop_current_usd,3,0.0667195269525025
3,7,exports_of_goods_services_and_primary_income_bop_current_usd,4,-0.025077455859091543
3,7,exports_of_goods_services_and_primary_income_bop_current_usd,5,0.0752822784610369
3,7,exports_of_goods_services_and_primary_income_bop_current_usd,6,0.06505486439997858
3,7,exports_of_goods_services_and_primary_income_bop_current_usd,7,0.08414621318867505
3,7,transport_services_percent_of_service_exports_bop,1,-0.09302149190006428
3,7,transport_services_percent_of_service_exports_bop,2,0.30735736702385474
3,7,transport_services_percent_of_service_exports_bop,3,0.1799458383353518
3,7,transport_services_percent_of_service_exports_bop,4,-0.019278284591472534
3,7,transport_services_percent_of_service_exports_bop,5,-0.10579398174068552
3,7,transport_services_percent_of_service_exports_bop,6,-0.03831488567817294
3,7,transport_services_percent_of_service_exports_bop,7,-0.06595828974650701
3,7,travel_services_percent_of_service_exports_bop,1,-0.11329910432499779
3,7,travel_services_percent_of_service_exports_bop,2,-0.3078071595058569
3,7,travel_services_percent_of_service_exports_bop,3,-0.10612347405590564
3,7,travel_services_percent_of_service_exports_bop,4,0.06331251129480625
3,7,travel_services_percent_of_service_exports_bop,5,-0.06525660922026619
3,7,travel_services_percent_of_service_exports_bop,6,0.02867075672776925
3,7,travel_services_percent_of_service_exports_bop,7,-0.3124032198295697
3,7,foreign_direct_investment_net_inflows_percent_of_gdp,1,0.01944051801549032
3,7,foreign_direct_investment_net_inflows_percent_of_gdp,2,-0.12675452845381982
3,7,foreign_direct_investment_net_inflows_percent_of_gdp,3,0.04866735504470641
3,7,foreign_direct_investment_net_inflows_percent_of_gdp,4,0.07828930571561662
3,7,foreign_direct_investment_net_inflows_percent_of_gdp,5,-0.047246632455336765
3,7,foreign_direct_investment_net_inflows_percent_of_gdp,6,-0.037372726843501285
3,7,foreign_direct_investment_net_inflows_percent_of_gdp,7,-0.865972566269982
3,7,short_term_debt_percent_of_exports_of_goods_services_and_primary_income,1,-0.059973093071286995
3,7,short_term_debt_percent_of_exports_of_goods_services_and_primary_income,2,0.12079832106736765
3,7,short_term_debt_percent_of_exports_of_goods_services_and_primary_income,3,-0.14713624588972118
3,7,short_term_debt_percent_of_exports_of_goods_services_and_primary_income,4,0.2092218617132298
3,7,short_term_debt_percent_of_exports_of_goods_services_and_primary_income,5,-0.29446296833549257
3,7,short_term_debt_percent_of_exports_of_goods_services_and_primary_income,6,-0.1609132507340265
3,7,short_term_debt_percent_of_exports_of_goods_services_and_primary_income,7,-0.015349485979608325
3,7,net_oda_received_percent_of_imports_of_goods_services_and_primary_income,1,0.11305825590500608
3,7,net_oda_received_percent_of_imports_of_goods_services_and_primary_income,2,-0.6272888938386855
3,7,net_oda_received_percent_of_imports_of_goods_services_and_primary_income,3,0.01938034302012053
3,7,net_oda_received_percent_of_imports_of_goods_services_and_primary_income,4,-0.05889135647387757
3,7,net_oda_received_percent_of_imports_of_goods_services_and_primary_income,5,-0.11173760267308888
3,7,net_oda_received_percent_of_imports_of_goods_services_and_primary_income,6,-0.3339290754376503
3,7,net_oda_received_percent_of_imports_of_goods_services_and_primary_income,7,0.05493538164394333
3,7,total_debt_service_percent_of_exports_of_goods_services_and_primary_income,1,-0.13324677499642282
3,7,total_debt_service_percent_of_exports_of_goods_services_and_primary_income,2,0.20902278778877958
3,7,total_debt_service_percent_of_exports_of_goods_services_and_primary_income,3,-0.02273214371070744
3,7,total_debt_service_percent_of_exports_of_goods_services_and_primary_income,4,0.07141571182873051
3,7,total_debt_service_percent_of_exports_of_goods_services_and_primary_income,5,-0.8145471550253511
3,7,total_debt_service_percent_of_exports_of_goods_services_and_primary_income,6,-0.14429305386100624
3,7,total_debt_service_percent_of_exports_of_goods_services_and_primary_income,7,-0.08112305302160439
3,7,debt_service_ppg_and_imf_only_percent_of_exports_of_goods_services_and_primary_income,1,0.042044914913461545
3,7,debt_service_ppg_and_imf_only_percent_of_exports_of_goods_services_and_primary_income,2,-0.1138949371302391
3,7,debt_service_ppg_and_imf_only_percent_of_exports_of_goods_services_and_primary_income,3,0.026207579127876992
3,7,debt_service_ppg_and_imf_only_percent_of_exports_of_goods_services_and_primary_income,4,-0.05560506890025708
3,7,debt_service_ppg_and_imf_only_percent_of_exports_of_goods_services_and_primary_income,5,-1.0508709084092853
3,7,debt_service_ppg_and_imf_only_percent_of_exports_of_goods_services_and_primary_income,6,-0.018713291392522573
3,7,debt_service_ppg_and_imf_only_percent_of_exports_of_goods_services_and_primary_income,7,-0.033957268170701584
3,7,public_and_publicly_guaranteed_debt_service_percent_of_exports_of_goods_services_and_primary_income,1,0.051776143332864365
3,7,public_and_publicly_guaranteed_debt_service_percent_of_exports_of_goods_services_and_primary_income,2,-0.09860203164436575
3,7,public_and_publicly_guaranteed_debt_service_percent_of_exports_of_goods_services_and_primary_income,3,-0.0016927305991010701
3,7,public_and_publicly_guaranteed_debt_service_percent_of_exports_of_goods_services_and_primary_income,4,-0.09705343213652577
3,7,public_and_publicly_guaranteed_debt_service_percent_of_exports_of_goods_services_and_primary_income,5,-1.0402397680364235
3,7,public_and_publicly_guaranteed_debt_service_percent_of_exports_of_goods_services_and_primary_income,6,0.0023146917305894446
3,7,public_and_publicly_guaranteed_debt_service_percent_of_exports_of_goods_services_and_primary_income,7,-0.041651000308717157
3,7,inflation_consumer_prices_annual_percent,1,-0.5319038032984507
3,7,inflation_consumer_prices_annual_percent,2,-0.03585309640824331
3,7,inflation_consumer_prices_annual_percent,3,0.028228484496783415
3,7,inflation_consumer_prices_annual_percent,4,-0.02571561361920689
3,7,inflation_consumer_prices_annual_percent,5,-0.08044203402590129
3,7,inflation_consumer_prices_annual_percent,6,-0.17951088551215513
3,7,inflation_consumer_prices_annual_percent,7,0.035199497549483545
3,7,net_investment_in_nonfinancial_assets_percent_of_gdp,1,0.0008809165355346321
3,7,net_investment_in_nonfinancial_assets_percent_of_gdp,2,-0.25618236017710155
3,7,net_investment_in_nonfinancial_assets_percent_of_gdp,3,0.1103616241862488
3,7,net_investment_in_nonfinancial_assets_percent_of_gdp,4,0.09923310825105623
3,7,net_investment_in_nonfinancial_assets_percent_of_gdp,5,0.062201070113246514
3,7,net_investment_in_nonfinancial_assets_percent_of_gdp,6,-0.04664332154786648
3,7,net_investment_in_nonfinancial_assets_percent_of_gdp,7,0.0006341443334240313
3,7,taxes_on_goods_and_services_percent_of_revenue,1,-0.0634629000885014
3,7,taxes_on_goods_and_services_percent_of_revenue,2,-0.10005728132475604
3,7,taxes_on_goods_and_services_percent_of_revenue,3,-0.09788478234327208
3,7,taxes_on_goods_and_services_percent_of_revenue,4,0.2160375705652502
3,7,taxes_on_goods_and_services_percent_of_revenue,5,0.047263592754952365
3,7,taxes_on_goods_and_services_percent_of_revenue,6,-0.200674348425135
3,7,taxes_on_goods_and_services_percent_of_revenue,7,-0.009530940005024533
3,7,taxes_on_goods_and_services_percent_value_added_of_industry_and_services,1,-0.013924654703171866
3,7,taxes_on_goods_and_services_percent_value_added_of_industry_and_services,2,-0.3431990240470453
3,7,taxes_on_goods_and_services_percent_value_added_of_industry_and_services,3,-0.008321593619909978
3,7,taxes_on_goods_and_services_percent_value_added_of_industry_and_services,4,0.21021352567347462
3,7,taxes_on_goods_and_services_percent_value_added_of_industry_and_services,5,0.03608661874568848
3,7,taxes_on_goods_and_services_percent_value_added_of_industry_and_services,6,-0.2903925950993865
3,7,taxes_on_goods_and_services_percent_value_added_of_industry_and_services,7,-0.0008215174637962818
3,7,goods_and_services_expense_percent_of_expense,1,0.044765991733754465
3,7,goods_and_services_expense_percent_of_expense,2,-0.32487658488014626
3,7,goods_and_services_expense_percent_of_expense,3,0.11929544701726622
3,7,goods_and_services_expense_percent_of_expense,4,0.014983516225366481
3,7,goods_and_services_expense_percent_of_expense,5,0.04693350415825043
3,7,goods_and_services_expense_percent_of_expense,6,-0.0309572457897665
3,7,goods_and_services_expense_percent_of_expense,7,0.12289451494504522
3,7,statistical_performance_indicators_spi_pillar_2_data_services_score_scale_0_100,1,-0.0042542152655350406
3,7,statistical_performance_indicators_spi_pillar_2_data_services_score_scale_0_100,2,0.4395337901488331
3,7,statistical_performance_indicators_spi_pillar_2_data_services_score_scale_0_100,3,-0.1455561478457304
3,7,statistical_performance_indicators_spi_pillar_2_data_services_score_scale_0_100,4,0.17154862482613628
3,7,statistical_performance_indicators_spi_pillar_2_data_services_score_scale_0_100,5,-0.13601301355788975
3,7,statistical_performance_indicators_spi_pillar_2_data_services_score_scale_0_100,6,-0.162976188200862
3,7,statistical_performance_indicators_spi_pillar_2_data_services_score_scale_0_100,7,-0.002467980044050328
3,7,logistics_performance_index_competence_and_quality_of_logistics_services_one_equals_low_to_five_equals_high,1,0.24711885388160704
3,7,logistics_performance_index_competence_and_quality_of_logistics_services_one_equals_low_to_five_equals_high,2,0.17813627779853752
3,7,logistics_performance_index_competence_and_quality_of_logistics_services_one_equals_low_to_five_equals_high,3,-0.07048126321935924
3,7,logistics_performance_index_competence_and_quality_of_logistics_services_one_equals_low_to_five_equals_high,4,0.017037090522650854
3,7,logistics_performance_index_competence_and_quality_of_logistics_services_one_equals_low_to_five_equals_high,5,0.047668515825889414
3,7,logistics_performance_index_competence_and_quality_of_logistics_services_one_equals_low_to_five_equals_high,6,-0.16085694731350003
3,7,logistics_performance_index_competence_and_quality_of_logistics_services_one_equals_low_to_five_equals_high,7,-0.013164652622698189
3,7,exports_of_goods_and_services_current_usd,1,-0.10949476153384573
3,7,exports_of_goods_and_services_current_usd,2,0.7054310216958795
3,7,exports_of_goods_and_services_current_usd,3,-0.48656565420960474
3,7,exports_of_goods_and_services_current_usd,4,-0.10370942716968422
3,7,exports_of_goods_and_services_current_usd,5,0.05188533377380107
3,7,exports_of_goods_and_services_current_usd,6,0.3173150603518593
3,7,exports_of_goods_and_services_current_usd,7,0.01783617452183821
3,7,exports_of_goods_and_services_constant_2015_usd,1,-0.04998018578728232
3,7,exports_of_goods_and_services_constant_2015_usd,2,0.6106618938059133
3,7,exports_of_goods_and_services_constant_2015_usd,3,-0.3909123581635828
3,7,exports_of_goods_and_services_constant_2015_usd,4,-0.06463300477767912
3,7,exports_of_goods_and_services_constant_2015_usd,5,0.03523673304976134
3,7,exports_of_goods_and_services_constant_2015_usd,6,0.2802768316265903
3,7,exports_of_goods_and_services_constant_2015_usd,7,0.04318050668305923
3,7,exports_of_goods_and_services_annual_percent_growth,1,0.1609160003025672
3,7,exports_of_goods_and_services_annual_percent_growth,2,-0.24644453051024426
3,7,exports_of_goods_and_services_annual_percent_growth,3,0.08850909657709519
3,7,exports_of_goods_and_services_annual_percent_growth,4,-0.15748246110738495
3,7,exports_of_goods_and_services_annual_percent_growth,5,0.032694847950761344
3,7,exports_of_goods_and_services_annual_percent_growth,6,-0.405204515236889
3,7,exports_of_goods_and_services_annual_percent_growth,7,-0.2337841025774563
3,7,exports_of_goods_and_services_percent_of_gdp,1,0.05285178207942457
3,7,exports_of_goods_and_services_percent_of_gdp,2,-0.02989569260842869
3,7,exports_of_goods_and_services_percent_of_gdp,3,0.03176557786602305
3,7,exports_of_goods_and_services_percent_of_gdp,4,0.602983501309933
3,7,exports_of_goods_and_services_percent_of_gdp,5,0.2132690320183438
3,7,exports_of_goods_and_services_percent_of_gdp,6,0.5408897018450041
3,7,exports_of_goods_and_services_percent_of_gdp,7,-0.08316136312081798
3,7,imports_of_goods_and_services_current_usd,1,-0.10061330962209697
3,7,imports_of_goods_and_services_current_usd,2,0.714576776363025
3,7,imports_of_goods_and_services_current_usd,3,-0.56429239202988
3,7,imports_of_goods_and_services_current_usd,4,-0.08654605465415825
3,7,imports_of_goods_and_services_current_usd,5,0.024739957514772575
3,7,imports_of_goods_and_services_current_usd,6,0.17016074337814044
3,7,imports_of_goods_and_services_current_usd,7,0.024872368511171403
3,7,imports_of_goods_and_services_constant_2015_usd,1,-0.0457263004864857
3,7,imports_of_goods_and_services_constant_2015_usd,2,0.6366465454338706
3,7,imports_of_goods_and_services_constant_2015_usd,3,-0.43825820345478655
3,7,imports_of_goods_and_services_constant_2015_usd,4,-0.06836334784421441
3,7,imports_of_goods_and_services_constant_2015_usd,5,0.0071958103385167
3,7,imports_of_goods_and_services_constant_2015_usd,6,0.1743656033224536
3,7,imports_of_goods_and_services_constant_2015_usd,7,0.03965983383202473
3,7,imports_of_goods_and_services_annual_percent_growth,1,0.22539745708178502
3,7,imports_of_goods_and_services_annual_percent_growth,2,-0.0889419108475046
3,7,imports_of_goods_and_services_annual_percent_growth,3,-0.007721761114556741
3,7,imports_of_goods_and_services_annual_percent_growth,4,-0.0011762663861624705
3,7,imports_of_goods_and_services_annual_percent_growth,5,-0.12062694219285144
3,7,imports_of_goods_and_services_annual_percent_growth,6,0.05681825332694444
3,7,imports_of_goods_and_services_annual_percent_growth,7,-0.1780190234435356
3,7,imports_of_goods_and_services_percent_of_gdp,1,0.26647252418399975
3,7,imports_of_goods_and_services_percent_of_gdp,2,-0.3916777601337696
3,7,imports_of_goods_and_services_percent_of_gdp,3,0.0851526731980444
3,7,imports_of_goods_and_services_percent_of_gdp,4,0.7665768196265137
3,7,imports_of_goods_and_services_percent_of_gdp,5,0.16451498037514087
3,7,imports_of_goods_and_services_percent_of_gdp,6,-0.2190690447748131
3,7,imports_of_goods_and_services_percent_of_gdp,7,-0.11912898441484747
3,7,external_balance_on_goods_and_services_percent_of_gdp,1,-0.18757865746159988
3,7,external_balance_on_goods_and_services_percent_of_gdp,2,0.31329376972275635
3,7,external_balance_on_goods_and_services_percent_of_gdp,3,-0.11423668500252142
3,7,external_balance_on_goods_and_services_percent_of_gdp,4,-0.0967127286729827
3,7,external_balance_on_goods_and_services_percent_of_gdp,5,0.07655229212341207
3,7,external_balance_on_goods_and_services_percent_of_gdp,6,0.8957242803390313
3,7,external_balance_on_goods_and_services_percent_of_gdp,7,0.029790389758211407
3,7,services_value_added_per_worker_constant_2015_usd,1,-0.02795047103334365
3,7,services_value_added_per_worker_constant_2015_usd,2,-0.0013674458714135194
3,7,services_value_added_per_worker_constant_2015_usd,3,0.0132946845549892
3,7,services_value_added_per_worker_constant_2015_usd,4,-0.006210148981703197
3,7,services_value_added_per_worker_constant_2015_usd,5,0.0593238236892761
3,7,services_value_added_per_worker_constant_2015_usd,6,0.03302866686373385
3,7,services_value_added_per_worker_constant_2015_usd,7,-0.001645895934014141
3,7,services_value_added_current_usd,1,-0.10975607044049555
3,7,services_value_added_current_usd,2,0.8089154538170503
3,7,services_value_added_current_usd,3,-0.17179529596636423
3,7,services_value_added_current_usd,4,-0.10412962643360714
3,7,services_value_added_current_usd,5,-0.02593590489760045
3,7,services_value_added_current_usd,6,0.05392496081215004
3,7,services_value_added_current_usd,7,0.11871291602071705
3,7,services_value_added_constant_2015_usd,1,-0.10890752512111232
3,7,services_value_added_constant_2015_usd,2,0.8061013372529197
3,7,services_value_added_constant_2015_usd,3,-0.15939273920638458
3,7,services_value_added_constant_2015_usd,4,-0.10266492252828069
3,7,services_value_added_constant_2015_usd,5,-0.027718080012027593
3,7,services_value_added_constant_2015_usd,6,0.06159314982409603
3,7,services_value_added_constant_2015_usd,7,0.1267108531840661
3,7,services_value_added_annual_percent_growth,1,0.2750555982697294
3,7,services_value_added_annual_percent_growth,2,-0.1251405961440009
3,7,services_value_added_annual_percent_growth,3,-0.1276975381581799
3,7,services_value_added_annual_percent_growth,4,0.05723189761853286
3,7,services_value_added_annual_percent_growth,5,0.021024124132850774
3,7,services_value_added_annual_percent_growth,6,0.1985191998842947
3,7,services_value_added_annual_percent_growth,7,-0.1155260521187474
3,7,services_value_added_percent_of_gdp,1,0.1989489218560843
3,7,services_value_added_percent_of_gdp,2,-0.2357155004115805
3,7,services_value_added_percent_of_gdp,3,-0.06998900836409978
3,7,services_value_added_percent_of_gdp,4,0.094613684993624
3,7,services_value_added_percent_of_gdp,5,-0.03843652939694629
3,7,services_value_added_percent_of_gdp,6,-0.1512615913997092
3,7,services_value_added_percent_of_gdp,7,-0.10705110812103621
3,7,inflation_gdp_deflator_annual_percent,1,-0.9832545557695742
3,7,inflation_gdp_deflator_annual_percent,2,0.19777620328528478
3,7,inflation_gdp_deflator_annual_percent,3,-0.026640707544309507
3,7,inflation_gdp_deflator_annual_percent,4,-0.06955664847300369
3,7,inflation_gdp_deflator_annual_percent,5,0.025710561184611392
3,7,inflation_gdp_deflator_annual_percent,6,0.08875159521973916
3,7,inflation_gdp_deflator_annual_percent,7,0.015707830287029264
3,7,inflation_gdp_deflator_linked_series_annual_percent,1,-0.9835301115843873
3,7,inflation_gdp_deflator_linked_series_annual_percent,2,0.1978970688032451
3,7,inflation_gdp_deflator_linked_series_annual_percent,3,-0.026644727186348506
3,7,inflation_gdp_deflator_linked_series_annual_percent,4,-0.06960610416723607
3,7,inflation_gdp_deflator_linked_series_annual_percent,5,0.0256139751875601
3,7,inflation_gdp_deflator_linked_series_annual_percent,6,0.0888303015792425
3,7,inflation_gdp_deflator_linked_series_annual_percent,7,0.015437307231713692
3,7,foreign_direct_investment_net_bop_percent_of_gdp,1,-0.03192090559730507
3,7,foreign_direct_investment_net_bop_percent_of_gdp,2,0.19019324586749592
3,7,foreign_direct_investment_net_bop_percent_of_gdp,3,0.017295419888977925
3,7,foreign_direct_investment_net_bop_percent_of_gdp,4,-0.03704723965956982
3,7,foreign_direct_investment_net_bop_percent_of_gdp,5,0.11587282227341075
3,7,foreign_direct_investment_net_bop_percent_of_gdp,6,-0.0075529856133418885
3,7,foreign_direct_investment_net_bop_percent_of_gdp,7,0.9198183666804882
